{"0.1": [[2.6508456588745117, 1.8285309339523315, 1.6174303300857544, 1.2564983072280884, 1.1945289466857911, 1.1605433862686156, 1.1211691237449646, 1.0999768951416016, 1.0997998569488525, 1.0943681921005248, 1.0985804431915283, 1.0955120798110962, 1.0961120370864867, 1.0947292771339416, 1.092433383178711, 1.0925452884674072, 1.0984871047973632, 1.0935015830993653, 1.0965357681274415], [0.26325, 0.37935, 0.4482, 0.553275, 0.57545, 0.58525, 0.6026, 0.607825, 0.610325, 0.613725, 0.611525, 0.6131, 0.61095, 0.61295, 0.614575, 0.61105, 0.60925, 0.613275, 0.610875], [1.648929278945923, 1.5370518810272218, 1.3214456634521485, 1.045821168899536, 0.9949669109344482, 0.9539455124855042, 0.9304026247978211, 0.9237469104766846, 0.9155380473136902, 0.9191811066627502, 0.9163082556724549, 0.9155783681869507, 0.9145140277862549, 0.916086983680725, 0.916587292766571, 0.915400404548645, 0.9155567315101624, 0.9157031213760376, 0.9153722373962402], [0.4034, 0.4696, 0.5454, 0.6302, 0.644, 0.6635, 0.6681, 0.6715, 0.6756, 0.673, 0.6739, 0.6749, 0.6769, 0.6749, 0.6711, 0.6736, 0.6745, 0.6738, 0.6748]], "0.25": [[2.7201070545196533, 1.829531014251709, 1.6313603048324585, 1.3186466173171998, 1.2514441535949707, 1.1936374849319458, 1.1034716537475586, 1.0642239339828492, 1.0376398616790772, 1.004989783859253, 0.9924316747665405, 0.9904755285263062, 0.9827003670692444, 0.9786972486495972, 0.9727590562820435, 0.9692688501358032, 0.9688461359024048, 0.9701375659942627, 0.9737374986648559, 0.9685050239562988, 0.9762467542648315, 0.9721421487808227, 0.9719945369720459, 0.974215263557434, 0.9689241931915283, 0.9681431272506714, 0.9686157917022705, 0.973507195854187, 0.9712964968681336, 0.9738117881774903, 0.9771959077835083], [0.250375, 0.35905, 0.42985, 0.532525, 0.5558, 0.576325, 0.6107, 0.6248, 0.635675, 0.64715, 0.651775, 0.653175, 0.657275, 0.657475, 0.65955, 0.662225, 0.661275, 0.6609, 0.659875, 0.661725, 0.65915, 0.659175, 0.660275, 0.6602, 0.661325, 0.661225, 0.660225, 0.659125, 0.66085, 0.65965, 0.6585], [1.7289463935852052, 1.41245118560791, 1.3051028024673461, 1.0684786701202393, 1.0187478353500365, 0.9788974995613098, 0.8937916077613831, 0.8703698308944702, 0.8525459071159363, 0.8369032120704651, 0.8321257453918457, 0.8233309073448181, 0.8215298228263855, 0.8192255781173706, 0.81708257188797, 0.8173470300674438, 0.8191806749343872, 0.8183818370819091, 0.817564581489563, 0.8169024498939514, 0.817947596359253, 0.8172879015922546, 0.8177266815185547, 0.8153551810264588, 0.8149403418540955, 0.816460629940033, 0.8166071964263916, 0.8165845549583435, 0.8168493492126465, 0.8170799401283264, 0.8186506572723389], [0.3974, 0.4866, 0.5323, 0.6239, 0.6391, 0.6511, 0.6834, 0.6949, 0.7033, 0.7077, 0.7078, 0.7119, 0.712, 0.7119, 0.712, 0.7133, 0.7129, 0.7139, 0.7137, 0.7137, 0.7131, 0.7135, 0.7117, 0.714, 0.7147, 0.7129, 0.7119, 0.714, 0.7132, 0.7137, 0.7113]], "0.5": [[2.5525300151824952, 1.8146435678482056, 1.5894537422180175, 1.2810133056640625, 1.1755637428283692, 1.1012846548080444, 0.9386293911933898, 0.8901633731842041, 0.846498733329773, 0.7547210161209107, 0.7293561275482178, 0.7094882572174073, 0.6609156168937683, 0.6389921060562134, 0.6276915678977967, 0.599264146900177, 0.5926134041786194, 0.5798250499725341, 0.5768788360595704, 0.5635213822841644, 0.5585240793228149, 0.5561916709899902, 0.5474766506195068, 0.5531206766605378, 0.5456931662559509, 0.5367171140193939, 0.5424858220100403, 0.5448828789234161, 0.5435899104118347, 0.5354414559364319, 0.5404028144836426, 0.5383427990913391], [0.25965, 0.379625, 0.454275, 0.549975, 0.58695, 0.61675, 0.672075, 0.68865, 0.70495, 0.7387, 0.749925, 0.753825, 0.77495, 0.782625, 0.787425, 0.79685, 0.800725, 0.805075, 0.807825, 0.8105, 0.814325, 0.815325, 0.817075, 0.81585, 0.81945, 0.822775, 0.819275, 0.819175, 0.81825, 0.821375, 0.821825, 0.819875], [1.7008620885849, 1.577093258857727, 1.396508282661438, 1.051329448223114, 0.9153901017189026, 0.8186230232238769, 0.7485378393650055, 0.7105858229637146, 0.6760229571819305, 0.6369015719413758, 0.620581164598465, 0.6061826306343079, 0.571936935710907, 0.570705111169815, 0.5734001995086669, 0.5455891857147217, 0.5388646667957306, 0.5351727209091186, 0.5333033301830292, 0.5299152523994446, 0.5321119772434235, 0.5282755036354065, 0.5271675754547119, 0.5260430607795715, 0.5250111693382263, 0.5245964967727661, 0.5238769651889801, 0.5252215986251831, 0.5231954274177552, 0.5248810616970062, 0.5252604418754577, 0.5267773187160492], [0.4007, 0.4835, 0.5483, 0.6252, 0.6782, 0.7168, 0.7375, 0.7495, 0.762, 0.7765, 0.7883, 0.7906, 0.8011, 0.8007, 0.801, 0.8099, 0.8145, 0.8149, 0.8161, 0.8185, 0.816, 0.8181, 0.8198, 0.8184, 0.8197, 0.82, 0.8182, 0.8192, 0.8198, 0.8189, 0.8196, 0.8188]], "0.75": [[2.645553107070923, 1.8139016927719116, 1.5496460052490235, 1.293441784477234, 1.1809132785797118, 1.1024234743118286, 0.9505523769378662, 0.9052170879364013, 0.8534894889831542, 0.7662279346466064, 0.7337178234100342, 0.6989561430931092, 0.6403912458419799, 0.6029045065879822, 0.5919991709709167, 0.5426107920646668, 0.5234910558700562, 0.5139148317337036, 0.4800439923286438, 0.4587397196769714, 0.4584320578098297, 0.42838397693634034, 0.4207083963871002, 0.41720252661705015, 0.3922820584774017, 0.38291831312179564, 0.374141405582428, 0.370636638879776, 0.36763610396385193, 0.3655896689414978, 0.35014173827171324, 0.3541870413541794, 0.34681225600242616, 0.340956979227066, 0.342915157365799, 0.3386768707752228, 0.33621440215110776, 0.3295916111946106, 0.32742151222229005, 0.316843780207634, 0.3215106994628906, 0.324266041636467, 0.3170711182832718, 0.31998413887023924, 0.3202251734495163, 0.3174468632698059, 0.3093897306919098, 0.3129119806289673, 0.31750796670913695, 0.3099702434539795], [0.258725, 0.38905, 0.4735, 0.553125, 0.58695, 0.61845, 0.6685, 0.6866, 0.703, 0.731975, 0.74485, 0.7562, 0.778425, 0.794375, 0.797425, 0.81545, 0.8222, 0.8278, 0.839125, 0.847225, 0.8478, 0.858825, 0.861675, 0.864225, 0.87145, 0.876425, 0.8781, 0.879375, 0.881175, 0.8814, 0.88765, 0.88555, 0.88815, 0.889525, 0.888325, 0.891475, 0.890225, 0.8925, 0.8928, 0.897075, 0.893725, 0.895875, 0.896775, 0.895925, 0.89565, 0.896, 0.8994, 0.89795, 0.89545, 0.900575], [1.7515999502182007, 1.4567957509994507, 1.1453481974601745, 1.0584145027160645, 0.9324369112014771, 0.8683949535369873, 0.7655141434192657, 0.7111109064102172, 0.6926784155845642, 0.65679711561203, 0.6385809941291809, 0.6228813580989838, 0.5830422547340393, 0.5188405768871307, 0.5606419692039489, 0.5020948096036911, 0.49761482875347135, 0.49568522915840146, 0.4711046213150024, 0.4738909291744232, 0.466204261302948, 0.45921591324806216, 0.45117041552066806, 0.4492143102884293, 0.4516465702533722, 0.45723287749290464, 0.4464960533618927, 0.4436324835062027, 0.45739386882781985, 0.4391752071619034, 0.43891805007457735, 0.4356485485076904, 0.4420628871202469, 0.43360404181480405, 0.4305128921627998, 0.43390030336380003, 0.42836914303302764, 0.43120564460754396, 0.4297633857011795, 0.43058595596551896, 0.4284874859571457, 0.4288250017404556, 0.4288785140991211, 0.4266418476581573, 0.42717292988300326, 0.4255842923402786, 0.42582144486904144, 0.4243052512049675, 0.42419946596622465, 0.4258319673538208], [0.4247, 0.5052, 0.5977, 0.6546, 0.685, 0.7, 0.7504, 0.7533, 0.7647, 0.774, 0.7751, 0.7834, 0.8006, 0.8193, 0.811, 0.8264, 0.8289, 0.8291, 0.8364, 0.8383, 0.8397, 0.8422, 0.8484, 0.8484, 0.8473, 0.8449, 0.8517, 0.8541, 0.8458, 0.8522, 0.8529, 0.8543, 0.8516, 0.8561, 0.8572, 0.8547, 0.8575, 0.8569, 0.8564, 0.8578, 0.8584, 0.8567, 0.8573, 0.8592, 0.8584, 0.8588, 0.8587, 0.8598, 0.8601, 0.8591]],